"1848,""001.png"",""6"",""boldness[2],smoothness[1],continuity[-2],orientation[0]"""
"1859,""012.png"",""6"",""boldness[2],smoothness[1],continuity[2],orientation[0]"""
"1861,""014.png"",""6"",""boldness[0],smoothness[-1],continuity[2],orientation[0]"""
"1865,""018.png"",""6"",""boldness[1],smoothness[-1],continuity[2],orientation[1]"""
"1867,""020.png"",""6"",""boldness[1],smoothness[1],continuity[2],orientation[0]"""
"1872,""025.png"",""6"",""boldness[1],smoothness[-1],continuity[2],orientation[0]"""
"1874,""027.png"",""6"",""boldness[0],smoothness[-1],continuity[2],orientation[1]"""
"1878,""031.png"",""6"",""boldness[0],smoothness[-1],continuity[2],orientation[0]"""
"1882,""035.png"",""6"",""boldness[2],smoothness[-1],continuity[2],orientation[0]"""
"1884,""037.png"",""6"",""boldness[1],smoothness[-1],continuity[2],orientation[0]"""
"1889,""042.png"",""6"",""boldness[0],smoothness[1],continuity[2],orientation[0]"""
"1893,""046.png"",""6"",""boldness[1],smoothness[-1],continuity[2],orientation[0]"""
"1897,""050.png"",""6"",""boldness[1],smoothness[0],continuity[2],orientation[0]"""
"1898,""051.png"",""6"",""boldness[0],smoothness[-1],continuity[2],orientation[1]"""
"1900,""053.png"",""6"",""boldness[-1],smoothness[1],continuity[2],orientation[0]"""
"1907,""060.png"",""6"",""boldness[2],smoothness[2],continuity[2],orientation[-1]"""
"1916,""069.png"",""6"",""boldness[2],smoothness[-1],continuity[2],orientation[0]"""
"1934,""087.png"",""6"",""boldness[1],smoothness[1],continuity[2],orientation[0]"""
"1936,""089.png"",""6"",""boldness[1],smoothness[1],continuity[2],orientation[-1]"""
"1937,""090.png"",""6"",""boldness[1],smoothness[-2],continuity[2],orientation[0]"""
"1938,""091.png"",""6"",""boldness[1],smoothness[1],continuity[2],orientation[0]"""
"1945,""098.png"",""6"",""boldness[2],smoothness[-1],continuity[2],orientation[0]"""
"1949,""102.png"",""6"",""boldness[0],smoothness[0],continuity[2],orientation[1]"""
"1951,""104.png"",""6"",""boldness[-2],smoothness[2],continuity[2],orientation[0]"""
"1955,""108.png"",""6"",""boldness[1],smoothness[-1],continuity[2],orientation[0]"""
"1956,""109.png"",""6"",""boldness[2],smoothness[1],continuity[2],orientation[0]"""
"1958,""111.png"",""6"",""boldness[2],smoothness[-1],continuity[2],orientation[-1]"""
"1961,""114.png"",""6"",""boldness[0],smoothness[-1],continuity[1],orientation[0]"""
"1968,""121.png"",""6"",""boldness[-1],smoothness[2],continuity[2],orientation[-1]"""
"1971,""124.png"",""6"",""boldness[2],smoothness[-2],continuity[2],orientation[0]"""
"1974,""127.png"",""6"",""boldness[0],smoothness[-1],continuity[2],orientation[0]"""
"1979,""132.png"",""6"",""boldness[-2],smoothness[-1],continuity[2],orientation[0]"""
"1984,""137.png"",""6"",""boldness[-1],smoothness[-1],continuity[2],orientation[0]"""
"1985,""138.png"",""6"",""boldness[1],smoothness[0],continuity[2],orientation[0]"""
"1989,""142.png"",""6"",""boldness[2],smoothness[-1],continuity[2],orientation[0]"""
"1991,""144.png"",""6"",""boldness[1],smoothness[1],continuity[-1],orientation[0]"""
"1992,""145.png"",""6"",""boldness[0],smoothness[1],continuity[2],orientation[0]"""
"1997,""150.png"",""6"",""boldness[-1],smoothness[0],continuity[2],orientation[0]"""
"1999,""152.png"",""6"",""boldness[0],smoothness[-1],continuity[2],orientation[1]"""
"2001,""154.png"",""6"",""boldness[0],smoothness[0],continuity[2],orientation[1]"""
"2006,""159.png"",""6"",""boldness[-2],smoothness[-1],continuity[2],orientation[0]"""
"2011,""164.png"",""6"",""boldness[-2],smoothness[1],continuity[2],orientation[0]"""
"2020,""173.png"",""6"",""boldness[0],smoothness[0],continuity[2],orientation[0]"""
"2021,""174.png"",""6"",""boldness[1],smoothness[0],continuity[-2],orientation[0]"""
"2028,""181.png"",""6"",""boldness[1],smoothness[0],continuity[2],orientation[0]"""
"2029,""182.png"",""6"",""boldness[-1],smoothness[-1],continuity[2],orientation[0]"""
"2038,""191.png"",""6"",""boldness[2],smoothness[-1],continuity[2],orientation[1]"""
"2040,""193.png"",""6"",""boldness[0],smoothness[-2],continuity[2],orientation[0]"""
"2048,""201.png"",""6"",""boldness[1],smoothness[0],continuity[2],orientation[0]"""
"2052,""205.png"",""6"",""boldness[2],smoothness[-1],continuity[0],orientation[0]"""
"2053,""206.png"",""6"",""boldness[1],smoothness[0],continuity[2],orientation[1]"""
"2058,""211.png"",""6"",""boldness[1],smoothness[1],continuity[2],orientation[0]"""
"2059,""212.png"",""6"",""boldness[-2],smoothness[0],continuity[2],orientation[0]"""
"2061,""214.png"",""6"",""boldness[0],smoothness[-2],continuity[2],orientation[-2]"""
"2065,""218.png"",""6"",""boldness[1],smoothness[-1],continuity[2],orientation[0]"""
"2066,""219.png"",""6"",""boldness[2],smoothness[-2],continuity[2],orientation[-1]"""
"2069,""222.png"",""6"",""boldness[2],smoothness[0],continuity[2],orientation[0]"""
"2091,""244.png"",""6"",""boldness[2],smoothness[-1],continuity[2],orientation[0]"""
"2094,""247.png"",""6"",""boldness[1],smoothness[-1],continuity[2],orientation[0]"""
"2103,""256.png"",""6"",""boldness[2],smoothness[-2],continuity[2],orientation[0]"""
"2104,""257.png"",""6"",""boldness[0],smoothness[2],continuity[2],orientation[0]"""
"2106,""259.png"",""6"",""boldness[1],smoothness[-1],continuity[2],orientation[0]"""
"2111,""264.png"",""6"",""boldness[1],smoothness[0],continuity[2],orientation[0]"""
"2115,""268.png"",""6"",""boldness[1],smoothness[2],continuity[2],orientation[1]"""
"2128,""281.png"",""6"",""boldness[-2],smoothness[0],continuity[2],orientation[0]"""
"2130,""283.png"",""6"",""boldness[0],smoothness[-1],continuity[2],orientation[0]"""
"2134,""287.png"",""6"",""boldness[1],smoothness[1],continuity[2],orientation[0]"""
"2136,""289.png"",""6"",""boldness[0],smoothness[-1],continuity[2],orientation[1]"""
"2139,""292.png"",""6"",""boldness[-1],smoothness[-1],continuity[-1],orientation[0]"""
"2141,""294.png"",""6"",""boldness[0],smoothness[-1],continuity[2],orientation[0]"""
"2145,""298.png"",""6"",""boldness[1],smoothness[-1],continuity[2],orientation[-1]"""
"2151,""304.png"",""6"",""boldness[1],smoothness[1],continuity[2],orientation[0]"""
"2152,""305.png"",""6"",""boldness[1],smoothness[-2],continuity[2],orientation[0]"""
"2154,""307.png"",""6"",""boldness[0],smoothness[-1],continuity[2],orientation[0]"""
"2164,""317.png"",""6"",""boldness[-1],smoothness[1],continuity[2],orientation[0]"""
"2167,""320.png"",""6"",""boldness[1],smoothness[0],continuity[2],orientation[0]"""
"2170,""323.png"",""6"",""boldness[1],smoothness[-1],continuity[2],orientation[0]"""
"2174,""327.png"",""6"",""boldness[-1],smoothness[1],continuity[2],orientation[0]"""
"2178,""331.png"",""6"",""boldness[1],smoothness[-1],continuity[2],orientation[1]"""
"2185,""338.png"",""6"",""boldness[-1],smoothness[2],continuity[2],orientation[-1]"""
"2193,""346.png"",""6"",""boldness[1],smoothness[-2],continuity[1],orientation[0]"""
"2198,""351.png"",""6"",""boldness[0],smoothness[2],continuity[2],orientation[1]"""
"2204,""357.png"",""6"",""boldness[0],smoothness[-1],continuity[2],orientation[1]"""
"2206,""359.png"",""6"",""boldness[-2],smoothness[0],continuity[-2],orientation[0]"""
"2207,""360.png"",""6"",""boldness[-1],smoothness[0],continuity[2],orientation[0]"""
"2212,""365.png"",""6"",""boldness[1],smoothness[-1],continuity[2],orientation[0]"""
"2216,""369.png"",""6"",""boldness[1],smoothness[-1],continuity[2],orientation[0]"""
"2218,""371.png"",""6"",""boldness[-1],smoothness[1],continuity[2],orientation[0]"""
"2219,""372.png"",""6"",""boldness[0],smoothness[-2],continuity[2],orientation[0]"""
"2221,""374.png"",""6"",""boldness[-2],smoothness[1],continuity[2],orientation[0]"""
"2222,""375.png"",""6"",""boldness[2],smoothness[-2],continuity[2],orientation[0]"""
"2224,""377.png"",""6"",""boldness[-2],smoothness[0],continuity[2],orientation[-1]"""
"2226,""379.png"",""6"",""boldness[-2],smoothness[-1],continuity[2],orientation[0]"""
"2233,""386.png"",""6"",""boldness[2],smoothness[1],continuity[2],orientation[0]"""
"2234,""387.png"",""6"",""boldness[1],smoothness[-1],continuity[2],orientation[0]"""
"2235,""388.png"",""6"",""boldness[-2],smoothness[1],continuity[2],orientation[0]"""
"2241,""394.png"",""6"",""boldness[2],smoothness[1],continuity[2],orientation[0]"""
"2250,""403.png"",""6"",""boldness[1],smoothness[2],continuity[2],orientation[-1]"""
"2254,""407.png"",""6"",""boldness[-2],smoothness[1],continuity[2],orientation[0]"""
"2258,""411.png"",""6"",""boldness[2],smoothness[-1],continuity[0],orientation[0]"""
"2266,""419.png"",""6"",""boldness[1],smoothness[-1],continuity[2],orientation[0]"""
"2277,""430.png"",""6"",""boldness[-1],smoothness[-1],continuity[2],orientation[0]"""
"2284,""437.png"",""6"",""boldness[-1],smoothness[-1],continuity[2],orientation[0]"""
"2285,""438.png"",""6"",""boldness[-2],smoothness[-1],continuity[2],orientation[0]"""
"2290,""443.png"",""6"",""boldness[2],smoothness[-1],continuity[0],orientation[0]"""
"2291,""444.png"",""6"",""boldness[-1],smoothness[-1],continuity[2],orientation[0]"""
"2294,""447.png"",""6"",""boldness[-1],smoothness[-1],continuity[2],orientation[0]"""
"2298,""451.png"",""6"",""boldness[1],smoothness[-1],continuity[2],orientation[0]"""
"2309,""462.png"",""6"",""boldness[1],smoothness[-1],continuity[2],orientation[0]"""
"2310,""463.png"",""6"",""boldness[0],smoothness[-1],continuity[1],orientation[1]"""
"2315,""468.png"",""6"",""boldness[0],smoothness[1],continuity[2],orientation[0]"""
"2321,""474.png"",""6"",""boldness[1],smoothness[-1],continuity[2],orientation[0]"""
"2323,""476.png"",""6"",""boldness[-1],smoothness[1],continuity[2],orientation[0]"""
"2334,""487.png"",""6"",""boldness[1],smoothness[-1],continuity[2],orientation[0]"""
"2338,""491.png"",""6"",""boldness[1],smoothness[-1],continuity[2],orientation[0]"""
"2346,""499.png"",""6"",""boldness[2],smoothness[-1],continuity[2],orientation[0]"""
"2353,""506.png"",""6"",""boldness[1],smoothness[0],continuity[2],orientation[0]"""
"2359,""512.png"",""6"",""boldness[1],smoothness[1],continuity[2],orientation[0]"""
"2362,""515.png"",""6"",""boldness[2],smoothness[0],continuity[2],orientation[0]"""
"2363,""516.png"",""6"",""boldness[2],smoothness[-1],continuity[2],orientation[0]"""
"2364,""517.png"",""6"",""boldness[1],smoothness[1],continuity[2],orientation[0]"""
"2368,""521.png"",""6"",""boldness[-1],smoothness[2],continuity[2],orientation[0]"""
"2370,""523.png"",""6"",""boldness[1],smoothness[-2],continuity[-2],orientation[0]"""
"2371,""524.png"",""6"",""boldness[1],smoothness[-1],continuity[2],orientation[0]"""
"2374,""527.png"",""6"",""boldness[1],smoothness[-1],continuity[2],orientation[0]"""
"2377,""530.png"",""6"",""boldness[0],smoothness[1],continuity[2],orientation[0]"""
"2384,""537.png"",""6"",""boldness[1],smoothness[-2],continuity[2],orientation[0]"""
"2390,""543.png"",""6"",""boldness[2],smoothness[-1],continuity[2],orientation[0]"""
"2395,""548.png"",""6"",""boldness[2],smoothness[1],continuity[2],orientation[-1]"""
"2397,""550.png"",""6"",""boldness[2],smoothness[-1],continuity[2],orientation[-1]"""
"2399,""552.png"",""6"",""boldness[2],smoothness[-1],continuity[2],orientation[0]"""
"2403,""556.png"",""6"",""boldness[2],smoothness[-1],continuity[2],orientation[0]"""
"2410,""563.png"",""6"",""boldness[2],smoothness[1],continuity[2],orientation[0]"""
"2417,""570.png"",""6"",""boldness[1],smoothness[-1],continuity[2],orientation[0]"""
"2420,""573.png"",""6"",""boldness[1],smoothness[-1],continuity[2],orientation[0]"""
"2426,""579.png"",""6"",""boldness[2],smoothness[1],continuity[2],orientation[1]"""
"2429,""582.png"",""6"",""boldness[2],smoothness[1],continuity[2],orientation[0]"""
"2431,""584.png"",""6"",""boldness[2],smoothness[-2],continuity[2],orientation[0]"""
"2434,""587.png"",""6"",""boldness[2],smoothness[-1],continuity[2],orientation[0]"""
"2444,""597.png"",""6"",""boldness[-1],smoothness[-1],continuity[2],orientation[0]"""
"2445,""598.png"",""6"",""boldness[0],smoothness[2],continuity[2],orientation[0]"""
"2446,""599.png"",""6"",""boldness[1],smoothness[-1],continuity[2],orientation[0]"""
"2448,""601.png"",""6"",""boldness[0],smoothness[-1],continuity[-2],orientation[1]"""
"2458,""611.png"",""6"",""boldness[-1],smoothness[1],continuity[2],orientation[1]"""
"2459,""612.png"",""6"",""boldness[0],smoothness[-1],continuity[2],orientation[0]"""
"2463,""616.png"",""6"",""boldness[0],smoothness[1],continuity[2],orientation[-1]"""
"2464,""617.png"",""6"",""boldness[1],smoothness[-1],continuity[2],orientation[0]"""
"2471,""624.png"",""6"",""boldness[0],smoothness[-1],continuity[2],orientation[0]"""
"2476,""629.png"",""6"",""boldness[2],smoothness[-1],continuity[2],orientation[0]"""
"2478,""631.png"",""6"",""boldness[2],smoothness[-1],continuity[2],orientation[0]"""
"2484,""637.png"",""6"",""boldness[1],smoothness[-1],continuity[2],orientation[0]"""
"2492,""645.png"",""6"",""boldness[1],smoothness[1],continuity[2],orientation[0]"""
"2494,""647.png"",""6"",""boldness[-2],smoothness[-1],continuity[2],orientation[1]"""
"2506,""659.png"",""6"",""boldness[2],smoothness[1],continuity[2],orientation[0]"""
"2507,""660.png"",""6"",""boldness[2],smoothness[1],continuity[2],orientation[0]"""
"2509,""662.png"",""6"",""boldness[2],smoothness[-2],continuity[2],orientation[1]"""
"2512,""665.png"",""6"",""boldness[2],smoothness[1],continuity[2],orientation[0]"""
"2515,""668.png"",""6"",""boldness[1],smoothness[1],continuity[-2],orientation[1]"""
"2535,""688.png"",""6"",""boldness[1],smoothness[0],continuity[2],orientation[-1]"""
"2542,""695.png"",""6"",""boldness[1],smoothness[-1],continuity[2],orientation[-1]"""
"2546,""699.png"",""6"",""boldness[2],smoothness[-1],continuity[2],orientation[0]"""
"2561,""714.png"",""6"",""boldness[1],smoothness[-1],continuity[2],orientation[0]"""
"2562,""715.png"",""6"",""boldness[1],smoothness[-1],continuity[2],orientation[0]"""
"2572,""725.png"",""6"",""boldness[2],smoothness[1],continuity[2],orientation[0]"""
"2573,""726.png"",""6"",""boldness[2],smoothness[-1],continuity[2],orientation[0]"""
"2576,""729.png"",""6"",""boldness[2],smoothness[0],continuity[2],orientation[1]"""
"2584,""737.png"",""6"",""boldness[-1],smoothness[-1],continuity[2],orientation[1]"""
"2586,""739.png"",""6"",""boldness[0],smoothness[-2],continuity[2],orientation[0]"""
"2589,""742.png"",""6"",""boldness[1],smoothness[-1],continuity[2],orientation[1]"""
"2599,""752.png"",""6"",""boldness[1],smoothness[-2],continuity[2],orientation[0]"""
"2603,""756.png"",""6"",""boldness[-1],smoothness[1],continuity[-2],orientation[0]"""
"2606,""759.png"",""6"",""boldness[1],smoothness[-1],continuity[2],orientation[1]"""
"2615,""768.png"",""6"",""boldness[0],smoothness[-1],continuity[1],orientation[2]"""
"2617,""770.png"",""6"",""boldness[1],smoothness[-1],continuity[2],orientation[0]"""
"2619,""772.png"",""6"",""boldness[1],smoothness[1],continuity[2],orientation[0]"""
"2620,""773.png"",""6"",""boldness[0],smoothness[-1],continuity[2],orientation[0]"""
"2623,""776.png"",""6"",""boldness[-1],smoothness[-1],continuity[2],orientation[0]"""
"2626,""779.png"",""6"",""boldness[2],smoothness[0],continuity[2],orientation[0]"""
"2631,""784.png"",""6"",""boldness[2],smoothness[1],continuity[2],orientation[0]"""
"2633,""786.png"",""6"",""boldness[1],smoothness[1],continuity[2],orientation[0]"""
"2639,""792.png"",""6"",""boldness[1],smoothness[0],continuity[-1],orientation[0]"""
"2644,""797.png"",""6"",""boldness[1],smoothness[-2],continuity[2],orientation[1]"""
"2648,""801.png"",""6"",""boldness[0],smoothness[-1],continuity[-2],orientation[0]"""
"2652,""805.png"",""6"",""boldness[1],smoothness[1],continuity[2],orientation[0]"""
"2657,""810.png"",""6"",""boldness[2],smoothness[-1],continuity[2],orientation[0]"""
"2664,""817.png"",""6"",""boldness[2],smoothness[-1],continuity[2],orientation[0]"""
"2669,""822.png"",""6"",""boldness[1],smoothness[-1],continuity[2],orientation[1]"""
"2675,""828.png"",""6"",""boldness[1],smoothness[1],continuity[2],orientation[0]"""
"2678,""831.png"",""6"",""boldness[0],smoothness[1],continuity[2],orientation[0]"""
"2684,""837.png"",""6"",""boldness[1],smoothness[1],continuity[2],orientation[1]"""
"2686,""839.png"",""6"",""boldness[2],smoothness[-1],continuity[2],orientation[0]"""
"2688,""841.png"",""6"",""boldness[1],smoothness[-1],continuity[2],orientation[0]"""
"2695,""848.png"",""6"",""boldness[2],smoothness[-1],continuity[2],orientation[0]"""
"2699,""852.png"",""6"",""boldness[1],smoothness[1],continuity[-2],orientation[0]"""
"2716,""869.png"",""6"",""boldness[1],smoothness[-1],continuity[-2],orientation[0]"""
"2718,""871.png"",""6"",""boldness[2],smoothness[-2],continuity[2],orientation[0]"""
"2720,""873.png"",""6"",""boldness[0],smoothness[-1],continuity[2],orientation[1]"""
"2726,""879.png"",""6"",""boldness[1],smoothness[-1],continuity[2],orientation[0]"""
"2727,""880.png"",""6"",""boldness[1],smoothness[2],continuity[2],orientation[1]"""
"2729,""882.png"",""6"",""boldness[-1],smoothness[1],continuity[2],orientation[2]"""
"1863,""016.png"",""7"",""boldness[2],smoothness[2],continuity[2],orientation[0]"""
"1868,""021.png"",""7"",""boldness[1],smoothness[2],continuity[2],orientation[0]"""
"1871,""024.png"",""7"",""boldness[1],smoothness[0],continuity[2],orientation[-1]"""
"1873,""026.png"",""7"",""boldness[0],smoothness[2],continuity[2],orientation[0]"""
"1881,""034.png"",""7"",""boldness[2],smoothness[0],continuity[2],orientation[-1]"""
"1886,""039.png"",""7"",""boldness[0],smoothness[1],continuity[2],orientation[0]"""
"1892,""045.png"",""7"",""boldness[0],smoothness[0],continuity[-1],orientation[1]"""
"1905,""058.png"",""7"",""boldness[2],smoothness[-1],continuity[2],orientation[0]"""
"1906,""059.png"",""7"",""boldness[1],smoothness[1],continuity[2],orientation[0]"""
"1911,""064.png"",""7"",""boldness[2],smoothness[2],continuity[-2],orientation[0]"""
"1912,""065.png"",""7"",""boldness[2],smoothness[1],continuity[2],orientation[0]"""
"1914,""067.png"",""7"",""boldness[1],smoothness[0],continuity[2],orientation[0]"""
"1920,""073.png"",""7"",""boldness[1],smoothness[1],continuity[2],orientation[0]"""
"1921,""074.png"",""7"",""boldness[0],smoothness[1],continuity[2],orientation[-1]"""
"1922,""075.png"",""7"",""boldness[0],smoothness[1],continuity[2],orientation[0]"""
"1923,""076.png"",""7"",""boldness[2],smoothness[1],continuity[-2],orientation[0]"""
"1924,""077.png"",""7"",""boldness[0],smoothness[0],continuity[-2],orientation[-1]"""
"1925,""078.png"",""7"",""boldness[2],smoothness[1],continuity[2],orientation[1]"""
"1926,""079.png"",""7"",""boldness[1],smoothness[0],continuity[-1],orientation[1]"""
"1929,""082.png"",""7"",""boldness[2],smoothness[0],continuity[-1],orientation[0]"""
"1931,""084.png"",""7"",""boldness[1],smoothness[-1],continuity[2],orientation[0]"""
"1935,""088.png"",""7"",""boldness[2],smoothness[1],continuity[2],orientation[0]"""
"1941,""094.png"",""7"",""boldness[2],smoothness[-1],continuity[2],orientation[1]"""
"1943,""096.png"",""7"",""boldness[1],smoothness[1],continuity[-1],orientation[-1]"""
"1948,""101.png"",""7"",""boldness[1],smoothness[0],continuity[-2],orientation[-1]"""
"1952,""105.png"",""7"",""boldness[0],smoothness[1],continuity[2],orientation[0]"""
"1959,""112.png"",""7"",""boldness[0],smoothness[2],continuity[2],orientation[-1]"""
"1962,""115.png"",""7"",""boldness[1],smoothness[-1],continuity[2],orientation[0]"""
"1964,""117.png"",""7"",""boldness[1],smoothness[-1],continuity[2],orientation[-1]"""
"1965,""118.png"",""7"",""boldness[1],smoothness[-1],continuity[1],orientation[0]"""
"1970,""123.png"",""7"",""boldness[1],smoothness[1],continuity[2],orientation[0]"""
"1976,""129.png"",""7"",""boldness[0],smoothness[-1],continuity[2],orientation[0]"""
"1982,""135.png"",""7"",""boldness[1],smoothness[2],continuity[2],orientation[0]"""
"1983,""136.png"",""7"",""boldness[2],smoothness[0],continuity[2],orientation[1]"""
"1986,""139.png"",""7"",""boldness[1],smoothness[1],continuity[2],orientation[0]"""
"1994,""147.png"",""7"",""boldness[1],smoothness[2],continuity[1],orientation[0]"""
"1998,""151.png"",""7"",""boldness[2],smoothness[2],continuity[2],orientation[0]"""
"2010,""163.png"",""7"",""boldness[1],smoothness[1],continuity[2],orientation[-1]"""
"2015,""168.png"",""7"",""boldness[0],smoothness[2],continuity[2],orientation[0]"""
"2025,""178.png"",""7"",""boldness[0],smoothness[0],continuity[2],orientation[0]"""
"2027,""180.png"",""7"",""boldness[1],smoothness[-1],continuity[2],orientation[-1]"""
"2032,""185.png"",""7"",""boldness[2],smoothness[0],continuity[2],orientation[1]"""
"2035,""188.png"",""7"",""boldness[0],smoothness[2],continuity[2],orientation[0]"""
"2037,""190.png"",""7"",""boldness[1],smoothness[0],continuity[2],orientation[-1]"""
"2041,""194.png"",""7"",""boldness[1],smoothness[1],continuity[2],orientation[0]"""
"2049,""202.png"",""7"",""boldness[0],smoothness[2],continuity[2],orientation[1]"""
"2055,""208.png"",""7"",""boldness[0],smoothness[2],continuity[2],orientation[0]"""
"2060,""213.png"",""7"",""boldness[2],smoothness[1],continuity[2],orientation[0]"""
"2062,""215.png"",""7"",""boldness[-1],smoothness[1],continuity[2],orientation[-1]"""
"2067,""220.png"",""7"",""boldness[1],smoothness[-1],continuity[2],orientation[-2]"""
"2068,""221.png"",""7"",""boldness[0],smoothness[0],continuity[2],orientation[1]"""
"2076,""229.png"",""7"",""boldness[1],smoothness[1],continuity[2],orientation[-1]"""
"2081,""234.png"",""7"",""boldness[2],smoothness[2],continuity[2],orientation[0]"""
"2095,""248.png"",""7"",""boldness[1],smoothness[-1],continuity[2],orientation[0]"""
"2098,""251.png"",""7"",""boldness[0],smoothness[0],continuity[2],orientation[-1]"""
"2099,""252.png"",""7"",""boldness[2],smoothness[0],continuity[2],orientation[0]"""
"2100,""253.png"",""7"",""boldness[0],smoothness[1],continuity[2],orientation[-1]"""
"2108,""261.png"",""7"",""boldness[1],smoothness[-1],continuity[2],orientation[0]"""
"2117,""270.png"",""7"",""boldness[1],smoothness[2],continuity[2],orientation[-1]"""
"2118,""271.png"",""7"",""boldness[0],smoothness[1],continuity[2],orientation[-1]"""
"2119,""272.png"",""7"",""boldness[0],smoothness[0],continuity[2],orientation[-1]"""
"2122,""275.png"",""7"",""boldness[-2],smoothness[2],continuity[2],orientation[-1]"""
"2123,""276.png"",""7"",""boldness[0],smoothness[1],continuity[2],orientation[0]"""
"2125,""278.png"",""7"",""boldness[1],smoothness[0],continuity[2],orientation[-1]"""
"2132,""285.png"",""7"",""boldness[1],smoothness[-1],continuity[2],orientation[-1]"""
"2135,""288.png"",""7"",""boldness[1],smoothness[1],continuity[2],orientation[0]"""
"2148,""301.png"",""7"",""boldness[1],smoothness[1],continuity[2],orientation[0]"""
"2155,""308.png"",""7"",""boldness[0],smoothness[0],continuity[2],orientation[0]"""
"2162,""315.png"",""7"",""boldness[1],smoothness[0],continuity[2],orientation[0]"""
"2188,""341.png"",""7"",""boldness[-2],smoothness[2],continuity[2],orientation[0]"""
"2195,""348.png"",""7"",""boldness[1],smoothness[-1],continuity[2],orientation[0]"""
"2199,""352.png"",""7"",""boldness[1],smoothness[1],continuity[-2],orientation[-1]"""
"2210,""363.png"",""7"",""boldness[1],smoothness[1],continuity[2],orientation[0]"""
"2214,""367.png"",""7"",""boldness[1],smoothness[2],continuity[2],orientation[0]"""
"2215,""368.png"",""7"",""boldness[1],smoothness[-1],continuity[2],orientation[0]"""
"2220,""373.png"",""7"",""boldness[-1],smoothness[0],continuity[1],orientation[-1]"""
"2223,""376.png"",""7"",""boldness[2],smoothness[1],continuity[2],orientation[0]"""
"2225,""378.png"",""7"",""boldness[1],smoothness[1],continuity[2],orientation[-1]"""
"2228,""381.png"",""7"",""boldness[0],smoothness[1],continuity[2],orientation[0]"""
"2237,""390.png"",""7"",""boldness[2],smoothness[1],continuity[2],orientation[0]"""
"2238,""391.png"",""7"",""boldness[1],smoothness[2],continuity[2],orientation[1]"""
"2242,""395.png"",""7"",""boldness[1],smoothness[0],continuity[1],orientation[-1]"""
"2244,""397.png"",""7"",""boldness[0],smoothness[-1],continuity[0],orientation[-1]"""
"2245,""398.png"",""7"",""boldness[0],smoothness[0],continuity[2],orientation[-1]"""
"2251,""404.png"",""7"",""boldness[0],smoothness[-1],continuity[2],orientation[0]"""
"2253,""406.png"",""7"",""boldness[1],smoothness[1],continuity[2],orientation[-1]"""
"2255,""408.png"",""7"",""boldness[1],smoothness[-1],continuity[2],orientation[0]"""
"2257,""410.png"",""7"",""boldness[1],smoothness[-1],continuity[2],orientation[1]"""
"2259,""412.png"",""7"",""boldness[2],smoothness[2],continuity[2],orientation[0]"""
"2263,""416.png"",""7"",""boldness[2],smoothness[0],continuity[2],orientation[0]"""
"2265,""418.png"",""7"",""boldness[1],smoothness[1],continuity[2],orientation[0]"""
"2268,""421.png"",""7"",""boldness[-1],smoothness[0],continuity[1],orientation[1]"""
"2269,""422.png"",""7"",""boldness[0],smoothness[1],continuity[2],orientation[-1]"""
"2271,""424.png"",""7"",""boldness[0],smoothness[1],continuity[2],orientation[0]"""
"2279,""432.png"",""7"",""boldness[1],smoothness[2],continuity[2],orientation[0]"""
"2280,""433.png"",""7"",""boldness[1],smoothness[0],continuity[2],orientation[0]"""
"2282,""435.png"",""7"",""boldness[-1],smoothness[1],continuity[2],orientation[1]"""
"2286,""439.png"",""7"",""boldness[2],smoothness[2],continuity[2],orientation[1]"""
"2289,""442.png"",""7"",""boldness[0],smoothness[2],continuity[2],orientation[1]"""
"2301,""454.png"",""7"",""boldness[0],smoothness[0],continuity[2],orientation[-1]"""
"2314,""467.png"",""7"",""boldness[1],smoothness[-1],continuity[2],orientation[1]"""
"2317,""470.png"",""7"",""boldness[0],smoothness[-1],continuity[2],orientation[-1]"""
"2318,""471.png"",""7"",""boldness[1],smoothness[-1],continuity[2],orientation[0]"""
"2330,""483.png"",""7"",""boldness[2],smoothness[0],continuity[2],orientation[0]"""
"2332,""485.png"",""7"",""boldness[1],smoothness[1],continuity[2],orientation[-1]"""
"2333,""486.png"",""7"",""boldness[2],smoothness[2],continuity[2],orientation[0]"""
"2336,""489.png"",""7"",""boldness[1],smoothness[1],continuity[2],orientation[1]"""
"2337,""490.png"",""7"",""boldness[1],smoothness[1],continuity[1],orientation[1]"""
"2340,""493.png"",""7"",""boldness[1],smoothness[2],continuity[2],orientation[-1]"""
"2345,""498.png"",""7"",""boldness[1],smoothness[2],continuity[2],orientation[0]"""
"2347,""500.png"",""7"",""boldness[1],smoothness[2],continuity[2],orientation[-1]"""
"2352,""505.png"",""7"",""boldness[2],smoothness[2],continuity[2],orientation[0]"""
"2357,""510.png"",""7"",""boldness[1],smoothness[1],continuity[-2],orientation[0]"""
"2360,""513.png"",""7"",""boldness[1],smoothness[-2],continuity[2],orientation[1]"""
"2365,""518.png"",""7"",""boldness[0],smoothness[0],continuity[-2],orientation[0]"""
"2369,""522.png"",""7"",""boldness[1],smoothness[0],continuity[-2],orientation[1]"""
"2380,""533.png"",""7"",""boldness[2],smoothness[2],continuity[2],orientation[0]"""
"2385,""538.png"",""7"",""boldness[0],smoothness[0],continuity[2],orientation[0]"""
"2386,""539.png"",""7"",""boldness[1],smoothness[1],continuity[2],orientation[0]"""
"2387,""540.png"",""7"",""boldness[2],smoothness[2],continuity[2],orientation[-1]"""
"2398,""551.png"",""7"",""boldness[2],smoothness[2],continuity[2],orientation[0]"""
"2404,""557.png"",""7"",""boldness[2],smoothness[0],continuity[2],orientation[-1]"""
"2405,""558.png"",""7"",""boldness[2],smoothness[0],continuity[2],orientation[1]"""
"2406,""559.png"",""7"",""boldness[2],smoothness[0],continuity[2],orientation[0]"""
"2407,""560.png"",""7"",""boldness[2],smoothness[-1],continuity[2],orientation[-1]"""
"2415,""568.png"",""7"",""boldness[2],smoothness[2],continuity[2],orientation[0]"""
"2425,""578.png"",""7"",""boldness[1],smoothness[0],continuity[2],orientation[0]"""
"2427,""580.png"",""7"",""boldness[1],smoothness[1],continuity[2],orientation[1]"""
"2428,""581.png"",""7"",""boldness[1],smoothness[0],continuity[2],orientation[1]"""
"2441,""594.png"",""7"",""boldness[0],smoothness[1],continuity[2],orientation[0]"""
"2456,""609.png"",""7"",""boldness[2],smoothness[0],continuity[2],orientation[1]"""
"2461,""614.png"",""7"",""boldness[1],smoothness[2],continuity[2],orientation[0]"""
"2462,""615.png"",""7"",""boldness[1],smoothness[1],continuity[-1],orientation[0]"""
"2465,""618.png"",""7"",""boldness[1],smoothness[1],continuity[2],orientation[1]"""
"2470,""623.png"",""7"",""boldness[0],smoothness[1],continuity[2],orientation[-1]"""
"2474,""627.png"",""7"",""boldness[2],smoothness[1],continuity[2],orientation[1]"""
"2475,""628.png"",""7"",""boldness[2],smoothness[0],continuity[2],orientation[1]"""
"2490,""643.png"",""7"",""boldness[1],smoothness[1],continuity[2],orientation[0]"""
"2493,""646.png"",""7"",""boldness[0],smoothness[1],continuity[2],orientation[1]"""
"2501,""654.png"",""7"",""boldness[2],smoothness[1],continuity[2],orientation[0]"""
"2502,""655.png"",""7"",""boldness[2],smoothness[1],continuity[2],orientation[-1]"""
"2504,""657.png"",""7"",""boldness[2],smoothness[2],continuity[2],orientation[-1]"""
"2505,""658.png"",""7"",""boldness[2],smoothness[1],continuity[2],orientation[-1]"""
"2508,""661.png"",""7"",""boldness[1],smoothness[0],continuity[2],orientation[-1]"""
"2518,""671.png"",""7"",""boldness[-2],smoothness[0],continuity[1],orientation[0]"""
"2521,""674.png"",""7"",""boldness[1],smoothness[1],continuity[2],orientation[1]"""
"2529,""682.png"",""7"",""boldness[2],smoothness[2],continuity[2],orientation[0]"""
"2531,""684.png"",""7"",""boldness[1],smoothness[-1],continuity[2],orientation[-1]"""
"2533,""686.png"",""7"",""boldness[2],smoothness[1],continuity[-1],orientation[0]"""
"2534,""687.png"",""7"",""boldness[0],smoothness[0],continuity[2],orientation[0]"""
"2544,""697.png"",""7"",""boldness[1],smoothness[-1],continuity[2],orientation[-1]"""
"2552,""705.png"",""7"",""boldness[2],smoothness[1],continuity[2],orientation[0]"""
"2553,""706.png"",""7"",""boldness[1],smoothness[0],continuity[2],orientation[-1]"""
"2555,""708.png"",""7"",""boldness[2],smoothness[-1],continuity[2],orientation[1]"""
"2567,""720.png"",""7"",""boldness[1],smoothness[1],continuity[2],orientation[0]"""
"2568,""721.png"",""7"",""boldness[1],smoothness[1],continuity[2],orientation[0]"""
"2569,""722.png"",""7"",""boldness[0],smoothness[1],continuity[2],orientation[-1]"""
"2575,""728.png"",""7"",""boldness[2],smoothness[-1],continuity[-1],orientation[0]"""
"2581,""734.png"",""7"",""boldness[1],smoothness[1],continuity[2],orientation[1]"""
"2585,""738.png"",""7"",""boldness[1],smoothness[-1],continuity[2],orientation[0]"""
"2587,""740.png"",""7"",""boldness[1],smoothness[1],continuity[2],orientation[1]"""
"2588,""741.png"",""7"",""boldness[1],smoothness[1],continuity[2],orientation[0]"""
"2594,""747.png"",""7"",""boldness[0],smoothness[-1],continuity[2],orientation[1]"""
"2595,""748.png"",""7"",""boldness[0],smoothness[1],continuity[-1],orientation[0]"""
"2601,""754.png"",""7"",""boldness[0],smoothness[2],continuity[-1],orientation[0]"""
"2605,""758.png"",""7"",""boldness[2],smoothness[-1],continuity[2],orientation[1]"""
"2612,""765.png"",""7"",""boldness[2],smoothness[-2],continuity[2],orientation[1]"""
"2616,""769.png"",""7"",""boldness[1],smoothness[2],continuity[2],orientation[0]"""
"2624,""777.png"",""7"",""boldness[0],smoothness[2],continuity[2],orientation[0]"""
"2627,""780.png"",""7"",""boldness[2],smoothness[-2],continuity[2],orientation[0]"""
"2629,""782.png"",""7"",""boldness[2],smoothness[0],continuity[2],orientation[-1]"""
"2637,""790.png"",""7"",""boldness[2],smoothness[1],continuity[2],orientation[-1]"""
"2650,""803.png"",""7"",""boldness[1],smoothness[1],continuity[2],orientation[1]"""
"2651,""804.png"",""7"",""boldness[-1],smoothness[1],continuity[2],orientation[-1]"""
"2653,""806.png"",""7"",""boldness[-1],smoothness[1],continuity[1],orientation[2]"""
"2655,""808.png"",""7"",""boldness[1],smoothness[1],continuity[2],orientation[0]"""
"2661,""814.png"",""7"",""boldness[2],smoothness[1],continuity[2],orientation[0]"""
"2662,""815.png"",""7"",""boldness[1],smoothness[-1],continuity[2],orientation[-1]"""
"2668,""821.png"",""7"",""boldness[2],smoothness[1],continuity[2],orientation[0]"""
"2670,""823.png"",""7"",""boldness[2],smoothness[0],continuity[2],orientation[1]"""
"2676,""829.png"",""7"",""boldness[1],smoothness[1],continuity[2],orientation[0]"""
"2682,""835.png"",""7"",""boldness[1],smoothness[-1],continuity[2],orientation[0]"""
"2687,""840.png"",""7"",""boldness[2],smoothness[0],continuity[2],orientation[-1]"""
"2689,""842.png"",""7"",""boldness[1],smoothness[0],continuity[2],orientation[0]"""
"2692,""845.png"",""7"",""boldness[2],smoothness[0],continuity[2],orientation[1]"""
"2696,""849.png"",""7"",""boldness[1],smoothness[1],continuity[2],orientation[0]"""
"2698,""851.png"",""7"",""boldness[1],smoothness[-1],continuity[2],orientation[0]"""
"2702,""855.png"",""7"",""boldness[1],smoothness[-1],continuity[2],orientation[0]"""
"2703,""856.png"",""7"",""boldness[1],smoothness[2],continuity[2],orientation[-1]"""
"2710,""863.png"",""7"",""boldness[1],smoothness[1],continuity[-2],orientation[0]"""
"2711,""864.png"",""7"",""boldness[0],smoothness[0],continuity[2],orientation[-1]"""
"2715,""868.png"",""7"",""boldness[1],smoothness[1],continuity[2],orientation[2]"""
"2717,""870.png"",""7"",""boldness[1],smoothness[0],continuity[2],orientation[-1]"""
"2721,""874.png"",""7"",""boldness[1],smoothness[-1],continuity[-1],orientation[1]"""
"2724,""877.png"",""7"",""boldness[1],smoothness[-1],continuity[2],orientation[1]"""
"2725,""878.png"",""7"",""boldness[0],smoothness[0],continuity[2],orientation[1]"""
"2728,""881.png"",""7"",""boldness[0],smoothness[1],continuity[2],orientation[0]"""
"2731,""884.png"",""7"",""boldness[1],smoothness[1],continuity[2],orientation[0]"""
"2735,""888.png"",""7"",""boldness[1],smoothness[0],continuity[2],orientation[-1]"""
"2737,""890.png"",""7"",""boldness[2],smoothness[2],continuity[2],orientation[1]"""
"1850,""003.png"",""9"",""boldness[0],smoothness[0],continuity[2],orientation[0]"""
"1851,""004.png"",""9"",""boldness[-1],smoothness[0],continuity[1],orientation[0]"""
"1852,""005.png"",""9"",""boldness[-1],smoothness[-1],continuity[2],orientation[0]"""
"1854,""007.png"",""9"",""boldness[-1],smoothness[2],continuity[-2],orientation[0]"""
"1855,""008.png"",""9"",""boldness[0],smoothness[-1],continuity[2],orientation[0]"""
"1856,""009.png"",""9"",""boldness[2],smoothness[0],continuity[2],orientation[-1]"""
"1866,""019.png"",""9"",""boldness[0],smoothness[-1],continuity[2],orientation[0]"""
"1869,""022.png"",""9"",""boldness[-1],smoothness[2],continuity[2],orientation[1]"""
"1880,""033.png"",""9"",""boldness[2],smoothness[2],continuity[2],orientation[0]"""
"1890,""043.png"",""9"",""boldness[2],smoothness[0],continuity[2],orientation[0]"""
"1891,""044.png"",""9"",""boldness[2],smoothness[2],continuity[2],orientation[0]"""
"1901,""054.png"",""9"",""boldness[0],smoothness[-1],continuity[2],orientation[0]"""
"1903,""056.png"",""9"",""boldness[1],smoothness[-1],continuity[2],orientation[-1]"""
"1904,""057.png"",""9"",""boldness[1],smoothness[2],continuity[2],orientation[0]"""
"1909,""062.png"",""9"",""boldness[2],smoothness[-2],continuity[2],orientation[0]"""
"1917,""070.png"",""9"",""boldness[2],smoothness[0],continuity[2],orientation[0]"""
"1919,""072.png"",""9"",""boldness[0],smoothness[2],continuity[2],orientation[1]"""
"1927,""080.png"",""9"",""boldness[2],smoothness[1],continuity[2],orientation[0]"""
"1928,""081.png"",""9"",""boldness[1],smoothness[0],continuity[-2],orientation[0]"""
"1933,""086.png"",""9"",""boldness[0],smoothness[2],continuity[2],orientation[-1]"""
"1940,""093.png"",""9"",""boldness[1],smoothness[-1],continuity[2],orientation[0]"""
"1947,""100.png"",""9"",""boldness[0],smoothness[0],continuity[1],orientation[0]"""
"1954,""107.png"",""9"",""boldness[1],smoothness[-1],continuity[2],orientation[0]"""
"1963,""116.png"",""9"",""boldness[0],smoothness[-2],continuity[2],orientation[1]"""
"1969,""122.png"",""9"",""boldness[1],smoothness[0],continuity[2],orientation[0]"""
"1972,""125.png"",""9"",""boldness[0],smoothness[-1],continuity[2],orientation[1]"""
"1973,""126.png"",""9"",""boldness[0],smoothness[2],continuity[2],orientation[0]"""
"1977,""130.png"",""9"",""boldness[-1],smoothness[-2],continuity[2],orientation[1]"""
"1978,""131.png"",""9"",""boldness[0],smoothness[2],continuity[2],orientation[0]"""
"1980,""133.png"",""9"",""boldness[1],smoothness[0],continuity[2],orientation[0]"""
"1981,""134.png"",""9"",""boldness[0],smoothness[0],continuity[1],orientation[1]"""
"2003,""156.png"",""9"",""boldness[2],smoothness[0],continuity[2],orientation[1]"""
"2013,""166.png"",""9"",""boldness[-1],smoothness[0],continuity[2],orientation[0]"""
"2016,""169.png"",""9"",""boldness[0],smoothness[-1],continuity[2],orientation[0]"""
"2017,""170.png"",""9"",""boldness[-1],smoothness[2],continuity[2],orientation[-1]"""
"2019,""172.png"",""9"",""boldness[2],smoothness[0],continuity[2],orientation[-1]"""
"2022,""175.png"",""9"",""boldness[-1],smoothness[-2],continuity[1],orientation[0]"""
"2031,""184.png"",""9"",""boldness[1],smoothness[0],continuity[2],orientation[-1]"""
"2034,""187.png"",""9"",""boldness[2],smoothness[0],continuity[2],orientation[1]"""
"2036,""189.png"",""9"",""boldness[1],smoothness[-1],continuity[2],orientation[0]"""
"2039,""192.png"",""9"",""boldness[1],smoothness[-1],continuity[2],orientation[0]"""
"2047,""200.png"",""9"",""boldness[0],smoothness[-1],continuity[2],orientation[0]"""
"2054,""207.png"",""9"",""boldness[2],smoothness[0],continuity[2],orientation[0]"""
"2064,""217.png"",""9"",""boldness[0],smoothness[-1],continuity[2],orientation[0]"""
"2071,""224.png"",""9"",""boldness[1],smoothness[-1],continuity[2],orientation[0]"""
"2072,""225.png"",""9"",""boldness[2],smoothness[-1],continuity[2],orientation[0]"""
"2084,""237.png"",""9"",""boldness[1],smoothness[0],continuity[2],orientation[0]"""
"2085,""238.png"",""9"",""boldness[1],smoothness[2],continuity[-2],orientation[0]"""
"2086,""239.png"",""9"",""boldness[0],smoothness[0],continuity[2],orientation[0]"""
"2088,""241.png"",""9"",""boldness[1],smoothness[2],continuity[-2],orientation[1]"""
"2096,""249.png"",""9"",""boldness[-2],smoothness[0],continuity[-2],orientation[0]"""
"2101,""254.png"",""9"",""boldness[2],smoothness[0],continuity[2],orientation[0]"""
"2105,""258.png"",""9"",""boldness[1],smoothness[-1],continuity[2],orientation[0]"""
"2107,""260.png"",""9"",""boldness[0],smoothness[0],continuity[2],orientation[0]"""
"2114,""267.png"",""9"",""boldness[1],smoothness[2],continuity[2],orientation[1]"""
"2116,""269.png"",""9"",""boldness[0],smoothness[2],continuity[2],orientation[0]"""
"2124,""277.png"",""9"",""boldness[2],smoothness[0],continuity[2],orientation[0]"""
"2127,""280.png"",""9"",""boldness[-1],smoothness[-1],continuity[1],orientation[2]"""
"2131,""284.png"",""9"",""boldness[1],smoothness[1],continuity[2],orientation[2]"""
"2137,""290.png"",""9"",""boldness[0],smoothness[-1],continuity[2],orientation[-2]"""
"2142,""295.png"",""9"",""boldness[1],smoothness[1],continuity[2],orientation[0]"""
"2150,""303.png"",""9"",""boldness[-1],smoothness[-1],continuity[2],orientation[0]"""
"2157,""310.png"",""9"",""boldness[2],smoothness[2],continuity[2],orientation[0]"""
"2159,""312.png"",""9"",""boldness[1],smoothness[0],continuity[2],orientation[0]"""
"2160,""313.png"",""9"",""boldness[0],smoothness[1],continuity[2],orientation[0]"""
"2166,""319.png"",""9"",""boldness[1],smoothness[0],continuity[2],orientation[1]"""
"2173,""326.png"",""9"",""boldness[0],smoothness[-1],continuity[2],orientation[0]"""
"2177,""330.png"",""9"",""boldness[1],smoothness[0],continuity[2],orientation[1]"""
"2183,""336.png"",""9"",""boldness[-1],smoothness[2],continuity[2],orientation[1]"""
"2194,""347.png"",""9"",""boldness[0],smoothness[0],continuity[2],orientation[0]"""
"2201,""354.png"",""9"",""boldness[2],smoothness[-1],continuity[2],orientation[2]"""
"2202,""355.png"",""9"",""boldness[0],smoothness[-1],continuity[2],orientation[0]"""
"2203,""356.png"",""9"",""boldness[2],smoothness[1],continuity[-2],orientation[1]"""
"2205,""358.png"",""9"",""boldness[2],smoothness[2],continuity[2],orientation[1]"""
"2208,""361.png"",""9"",""boldness[1],smoothness[0],continuity[2],orientation[0]"""
"2209,""362.png"",""9"",""boldness[2],smoothness[-1],continuity[2],orientation[0]"""
"2217,""370.png"",""9"",""boldness[2],smoothness[2],continuity[-2],orientation[1]"""
"2230,""383.png"",""9"",""boldness[-1],smoothness[-1],continuity[1],orientation[0]"""
"2232,""385.png"",""9"",""boldness[1],smoothness[-1],continuity[2],orientation[1]"""
"2240,""393.png"",""9"",""boldness[1],smoothness[0],continuity[2],orientation[1]"""
"2246,""399.png"",""9"",""boldness[2],smoothness[2],continuity[2],orientation[2]"""
"2247,""400.png"",""9"",""boldness[1],smoothness[-1],continuity[2],orientation[1]"""
"2249,""402.png"",""9"",""boldness[0],smoothness[2],continuity[2],orientation[1]"""
"2252,""405.png"",""9"",""boldness[1],smoothness[0],continuity[2],orientation[1]"""
"2256,""409.png"",""9"",""boldness[2],smoothness[0],continuity[2],orientation[1]"""
"2260,""413.png"",""9"",""boldness[-1],smoothness[-1],continuity[1],orientation[-1]"""
"2262,""415.png"",""9"",""boldness[0],smoothness[-1],continuity[2],orientation[0]"""
"2270,""423.png"",""9"",""boldness[2],smoothness[-1],continuity[2],orientation[0]"""
"2272,""425.png"",""9"",""boldness[-1],smoothness[-1],continuity[2],orientation[0]"""
"2275,""428.png"",""9"",""boldness[2],smoothness[1],continuity[2],orientation[2]"""
"2276,""429.png"",""9"",""boldness[0],smoothness[2],continuity[2],orientation[0]"""
"2278,""431.png"",""9"",""boldness[0],smoothness[2],continuity[2],orientation[0]"""
"2283,""436.png"",""9"",""boldness[-2],smoothness[-1],continuity[1],orientation[1]"""
"2293,""446.png"",""9"",""boldness[-1],smoothness[2],continuity[2],orientation[0]"""
"2295,""448.png"",""9"",""boldness[1],smoothness[2],continuity[2],orientation[0]"""
"2296,""449.png"",""9"",""boldness[0],smoothness[-2],continuity[2],orientation[-1]"""
"2299,""452.png"",""9"",""boldness[1],smoothness[2],continuity[2],orientation[-1]"""
"2302,""455.png"",""9"",""boldness[2],smoothness[2],continuity[2],orientation[0]"""
"2304,""457.png"",""9"",""boldness[1],smoothness[0],continuity[2],orientation[1]"""
"2307,""460.png"",""9"",""boldness[1],smoothness[2],continuity[2],orientation[1]"""
"2312,""465.png"",""9"",""boldness[1],smoothness[-1],continuity[2],orientation[0]"""
"2313,""466.png"",""9"",""boldness[0],smoothness[-1],continuity[2],orientation[-1]"""
"2320,""473.png"",""9"",""boldness[0],smoothness[-1],continuity[2],orientation[0]"""
"2324,""477.png"",""9"",""boldness[0],smoothness[0],continuity[2],orientation[0]"""
"2325,""478.png"",""9"",""boldness[1],smoothness[2],continuity[2],orientation[1]"""
"2326,""479.png"",""9"",""boldness[2],smoothness[2],continuity[2],orientation[0]"""
"2327,""480.png"",""9"",""boldness[2],smoothness[0],continuity[2],orientation[0]"""
"2329,""482.png"",""9"",""boldness[2],smoothness[0],continuity[2],orientation[0]"""
"2341,""494.png"",""9"",""boldness[1],smoothness[0],continuity[2],orientation[1]"""
"2354,""507.png"",""9"",""boldness[1],smoothness[0],continuity[2],orientation[1]"""
"2356,""509.png"",""9"",""boldness[1],smoothness[2],continuity[-2],orientation[1]"""
"2361,""514.png"",""9"",""boldness[1],smoothness[-1],continuity[2],orientation[1]"""
"2366,""519.png"",""9"",""boldness[2],smoothness[0],continuity[-2],orientation[0]"""
"2375,""528.png"",""9"",""boldness[2],smoothness[-1],continuity[2],orientation[0]"""
"2376,""529.png"",""9"",""boldness[0],smoothness[-2],continuity[2],orientation[0]"""
"2379,""532.png"",""9"",""boldness[1],smoothness[0],continuity[2],orientation[0]"""
"2381,""534.png"",""9"",""boldness[0],smoothness[-1],continuity[2],orientation[0]"""
"2382,""535.png"",""9"",""boldness[-1],smoothness[2],continuity[2],orientation[0]"""
"2383,""536.png"",""9"",""boldness[1],smoothness[-1],continuity[2],orientation[0]"""
"2388,""541.png"",""9"",""boldness[2],smoothness[0],continuity[2],orientation[-1]"""
"2389,""542.png"",""9"",""boldness[2],smoothness[1],continuity[2],orientation[0]"""
"2392,""545.png"",""9"",""boldness[2],smoothness[2],continuity[2],orientation[0]"""
"2393,""546.png"",""9"",""boldness[2],smoothness[-1],continuity[2],orientation[-1]"""
"2401,""554.png"",""9"",""boldness[2],smoothness[2],continuity[2],orientation[0]"""
"2413,""566.png"",""9"",""boldness[1],smoothness[0],continuity[2],orientation[1]"""
"2414,""567.png"",""9"",""boldness[2],smoothness[0],continuity[2],orientation[1]"""
"2416,""569.png"",""9"",""boldness[2],smoothness[0],continuity[2],orientation[1]"""
"2419,""572.png"",""9"",""boldness[1],smoothness[0],continuity[2],orientation[1]"""
"2422,""575.png"",""9"",""boldness[1],smoothness[0],continuity[2],orientation[1]"""
"2423,""576.png"",""9"",""boldness[2],smoothness[0],continuity[2],orientation[1]"""
"2430,""583.png"",""9"",""boldness[2],smoothness[2],continuity[2],orientation[0]"""
"2435,""588.png"",""9"",""boldness[2],smoothness[2],continuity[2],orientation[1]"""
"2439,""592.png"",""9"",""boldness[0],smoothness[0],continuity[0],orientation[1]"""
"2442,""595.png"",""9"",""boldness[0],smoothness[-1],continuity[2],orientation[0]"""
"2443,""596.png"",""9"",""boldness[2],smoothness[0],continuity[2],orientation[1]"""
"2450,""603.png"",""9"",""boldness[0],smoothness[0],continuity[-2],orientation[1]"""
"2455,""608.png"",""9"",""boldness[1],smoothness[0],continuity[2],orientation[1]"""
"2457,""610.png"",""9"",""boldness[2],smoothness[2],continuity[2],orientation[0]"""
"2460,""613.png"",""9"",""boldness[0],smoothness[2],continuity[2],orientation[-1]"""
"2466,""619.png"",""9"",""boldness[2],smoothness[1],continuity[2],orientation[0]"""
"2477,""630.png"",""9"",""boldness[2],smoothness[0],continuity[2],orientation[1]"""
"2479,""632.png"",""9"",""boldness[2],smoothness[0],continuity[2],orientation[0]"""
"2480,""633.png"",""9"",""boldness[2],smoothness[-1],continuity[2],orientation[1]"""
"2481,""634.png"",""9"",""boldness[2],smoothness[0],continuity[2],orientation[1]"""
"2483,""636.png"",""9"",""boldness[1],smoothness[-1],continuity[2],orientation[1]"""
"2485,""638.png"",""9"",""boldness[0],smoothness[-1],continuity[2],orientation[1]"""
"2487,""640.png"",""9"",""boldness[2],smoothness[0],continuity[2],orientation[1]"""
"2489,""642.png"",""9"",""boldness[1],smoothness[-1],continuity[1],orientation[1]"""
"2497,""650.png"",""9"",""boldness[1],smoothness[-1],continuity[2],orientation[1]"""
"2499,""652.png"",""9"",""boldness[1],smoothness[1],continuity[2],orientation[1]"""
"2503,""656.png"",""9"",""boldness[2],smoothness[1],continuity[2],orientation[1]"""
"2514,""667.png"",""9"",""boldness[0],smoothness[2],continuity[2],orientation[1]"""
"2516,""669.png"",""9"",""boldness[1],smoothness[0],continuity[-1],orientation[1]"""
"2519,""672.png"",""9"",""boldness[0],smoothness[-1],continuity[-2],orientation[2]"""
"2520,""673.png"",""9"",""boldness[-1],smoothness[-1],continuity[2],orientation[2]"""
"2524,""677.png"",""9"",""boldness[2],smoothness[-2],continuity[2],orientation[0]"""
"2525,""678.png"",""9"",""boldness[1],smoothness[0],continuity[-2],orientation[2]"""
"2526,""679.png"",""9"",""boldness[2],smoothness[0],continuity[2],orientation[1]"""
"2528,""681.png"",""9"",""boldness[1],smoothness[-1],continuity[0],orientation[2]"""
"2536,""689.png"",""9"",""boldness[0],smoothness[0],continuity[2],orientation[0]"""
"2537,""690.png"",""9"",""boldness[-1],smoothness[-1],continuity[2],orientation[-1]"""
"2539,""692.png"",""9"",""boldness[2],smoothness[-1],continuity[2],orientation[0]"""
"2543,""696.png"",""9"",""boldness[0],smoothness[0],continuity[2],orientation[-1]"""
"2556,""709.png"",""9"",""boldness[1],smoothness[-1],continuity[2],orientation[0]"""
"2563,""716.png"",""9"",""boldness[2],smoothness[2],continuity[2],orientation[0]"""
"2565,""718.png"",""9"",""boldness[2],smoothness[0],continuity[2],orientation[0]"""
"2574,""727.png"",""9"",""boldness[2],smoothness[2],continuity[2],orientation[0]"""
"2583,""736.png"",""9"",""boldness[1],smoothness[0],continuity[2],orientation[1]"""
"2607,""760.png"",""9"",""boldness[2],smoothness[2],continuity[2],orientation[1]"""
"2608,""761.png"",""9"",""boldness[2],smoothness[0],continuity[2],orientation[1]"""
"2610,""763.png"",""9"",""boldness[2],smoothness[1],continuity[2],orientation[1]"""
"2611,""764.png"",""9"",""boldness[2],smoothness[2],continuity[2],orientation[0]"""
"2614,""767.png"",""9"",""boldness[0],smoothness[0],continuity[2],orientation[0]"""
"2622,""775.png"",""9"",""boldness[0],smoothness[-1],continuity[2],orientation[0]"""
"2628,""781.png"",""9"",""boldness[2],smoothness[2],continuity[2],orientation[1]"""
"2634,""787.png"",""9"",""boldness[1],smoothness[2],continuity[2],orientation[0]"""
"2635,""788.png"",""9"",""boldness[2],smoothness[2],continuity[2],orientation[1]"""
"2638,""791.png"",""9"",""boldness[2],smoothness[0],continuity[2],orientation[0]"""
"2640,""793.png"",""9"",""boldness[1],smoothness[-1],continuity[-2],orientation[0]"""
"2641,""794.png"",""9"",""boldness[-1],smoothness[2],continuity[-1],orientation[1]"""
"2645,""798.png"",""9"",""boldness[2],smoothness[2],continuity[1],orientation[1]"""
"2646,""799.png"",""9"",""boldness[0],smoothness[-1],continuity[-2],orientation[1]"""
"2649,""802.png"",""9"",""boldness[0],smoothness[2],continuity[2],orientation[1]"""
"2654,""807.png"",""9"",""boldness[1],smoothness[-1],continuity[2],orientation[1]"""
"2658,""811.png"",""9"",""boldness[2],smoothness[2],continuity[2],orientation[0]"""
"2660,""813.png"",""9"",""boldness[1],smoothness[0],continuity[2],orientation[0]"""
"2667,""820.png"",""9"",""boldness[2],smoothness[-1],continuity[2],orientation[0]"""
"2673,""826.png"",""9"",""boldness[2],smoothness[0],continuity[2],orientation[1]"""
"2683,""836.png"",""9"",""boldness[0],smoothness[-1],continuity[2],orientation[1]"""
"2685,""838.png"",""9"",""boldness[1],smoothness[2],continuity[2],orientation[1]"""
"2690,""843.png"",""9"",""boldness[2],smoothness[-2],continuity[2],orientation[0]"""
"2693,""846.png"",""9"",""boldness[1],smoothness[-1],continuity[2],orientation[1]"""
"2700,""853.png"",""9"",""boldness[0],smoothness[2],continuity[-2],orientation[1]"""
"2704,""857.png"",""9"",""boldness[2],smoothness[0],continuity[2],orientation[2]"""
"2709,""862.png"",""9"",""boldness[0],smoothness[-1],continuity[2],orientation[1]"""
"2714,""867.png"",""9"",""boldness[1],smoothness[0],continuity[2],orientation[1]"""
"2722,""875.png"",""9"",""boldness[-1],smoothness[2],continuity[0],orientation[1]"""
"2730,""883.png"",""9"",""boldness[0],smoothness[-1],continuity[2],orientation[1]"""
"2732,""885.png"",""9"",""boldness[-1],smoothness[-1],continuity[2],orientation[1]"""
"2734,""887.png"",""9"",""boldness[-2],smoothness[-1],continuity[1],orientation[2]"""